15,+380 (339) 357-8298
37,+389 (800) 711-7691
17,+351 (408) 620-7176
14,+33 (517) 461-8664
66,+36 (875) 618-3042
91,+81 (467) 767-3585
16,+1 (804) 983-3715
92,+351 (584) 502-3264
67,+352 (502) 224-7932
18,+371 (459) 422-7254
93,+63 (549) 634-8663
1,+255 (264) 835-9067
36,+86 (297) 112-0596
65,+31 (587) 764-8168
38,+351 (568) 938-3977
13,+48 (921) 429-5249
68,+880 (634) 237-8184
34,+1 (619) 722-1555
19,+46 (253) 785-7685
94,+380 (275) 461-1417
69,+63 (796) 128-4001
12,+86 (547) 693-7247
70,+63 (410) 278-7330
35,+1 (612) 875-1192
39,+20 (173) 156-7015
72,+86 (537) 692-2298
20,+7 (854) 896-6237
40,+86 (659) 929-4991
73,+375 (936) 795-9515
2,+46 (832) 630-6799
64,+506 (173) 416-1246
33,+86 (799) 888-6777
63,+370 (745) 946-2840
41,+7 (151) 314-6478
71,+86 (489) 647-7977
32,+7 (206) 297-2480
42,+52 (102) 184-4340
11,+86 (549) 636-8647
90,+86 (423) 286-0309
62,+86 (615) 585-8890
21,+46 (438) 121-7369
43,+506 (758) 848-6520
61,+385 (743) 265-3107
3,+7 (680) 493-4957
74,+57 (526) 833-8828
31,+86 (165) 684-7903
44,+48 (368) 672-6188
75,+86 (631) 652-4500
89,+509 (577) 977-2332
10,+7 (340) 409-2817
60,+84 (700) 230-8124
30,+62 (774) 701-2897
59,+55 (972) 286-2791
45,+66 (420) 604-6682
88,+86 (435) 135-0227
22,+86 (662) 686-0563
76,+86 (754) 476-7135
4,+420 (201) 229-3473
77,+33 (200) 403-4285
29,+358 (171) 316-8605
96,+86 (981) 498-9744
58,+1 (319) 623-1224
23,+86 (635) 619-0173
46,+63 (745) 222-7523
57,+81 (932) 828-5084
28,+86 (621) 424-1431
79,+86 (953) 915-9602
9,+963 (156) 865-1452
78,+234 (517) 506-0283
47,+33 (628) 746-5192
27,+351 (936) 897-1522
56,+7 (964) 446-3686
95,+62 (583) 404-9596
5,+86 (896) 987-5259
87,+55 (339) 168-9402
48,+962 (571) 682-8596
80,+27 (973) 566-1980
26,+46 (281) 527-9351
100,+7 (489) 515-5967
49,+33 (875) 549-9726
55,+420 (332) 135-7826
50,+375 (190) 309-1989
8,+86 (992) 214-0629
99,+63 (527) 783-0432
54,+63 (278) 227-4801
98,+86 (406) 671-2366
83,+98 (208) 364-2370
6,+31 (679) 772-3414
97,+62 (128) 893-8430
25,+383 (809) 266-9758
82,+225 (961) 854-9664
86,+7 (738) 729-2471
51,+32 (537) 775-7566
24,+66 (778) 837-8427
84,+380 (857) 287-0956
53,+387 (987) 885-0851
81,+7 (678) 856-7542
52,+30 (514) 260-2221
85,+63 (692) 601-2433
7,+33 (991) 470-5210
